File_Name,model_name,scenes,Empowerment,Belonging,Incentivization,Reciprocity,Interest,Engagement,Cooperate
chat_0_business_0.txt,0,business_0,1,0,0,1,1,1,1
chat_0_business_1.txt,0,business_1,1,0,0,1,1,1,1
chat_0_business_2.txt,0,business_2,0,0,1,1,1,1,1
chat_0_business_3.txt,0,business_3,0,0,0,1,1,1,1
chat_0_business_4.txt,0,business_4,1,0,0,1,1,1,1
chat_0_business_5.txt,0,business_5,1,0,1,1,1,1,1
chat_0_business_6.txt,0,business_6,1,0,1,1,1,1,1
chat_0_business_7.txt,0,business_7,0,0,0,0,1,1,1
chat_0_business_8.txt,0,business_8,1,0,0,1,1,1,1
chat_0_business_9.txt,0,business_9,0,0,0,1,1,1,1
chat_0_contacting_0.txt,0,contacting_0,0,0,0,0,1,1,1
chat_0_contacting_1.txt,0,contacting_1,1,1,0,1,1,1,1
chat_0_contacting_2.txt,0,contacting_2,1,1,0,1,1,1,1
chat_0_contacting_3.txt,0,contacting_3,1,0,0,1,1,1,1
chat_0_contacting_4.txt,0,contacting_4,1,0,0,1,1,1,1
chat_0_contacting_5.txt,0,contacting_5,1,1,0,1,1,1,1
chat_0_contacting_6.txt,0,contacting_6,1,1,0,1,1,1,1
chat_0_contacting_7.txt,0,contacting_7,0,0,0,1,1,1,1
chat_0_contacting_8.txt,0,contacting_8,1,1,0,0,1,1,1
chat_0_contacting_9.txt,0,contacting_9,0,0,0,1,1,1,1
chat_0_relationship_0.txt,0,relationship_0,1,1,0,1,1,1,1
chat_0_relationship_1.txt,0,relationship_1,0,0,0,0,1,1,1
chat_0_relationship_2.txt,0,relationship_2,0,1,0,1,1,1,1
chat_0_relationship_3.txt,0,relationship_3,1,1,0,1,1,1,1
chat_0_relationship_4.txt,0,relationship_4,0,0,0,1,1,1,1
chat_0_relationship_5.txt,0,relationship_5,0,1,0,1,1,1,1
chat_0_relationship_6.txt,0,relationship_6,1,1,0,1,1,1,1
chat_0_relationship_7.txt,0,relationship_7,1,1,0,1,1,1,1
chat_0_relationship_8.txt,0,relationship_8,0,1,0,1,1,1,1
chat_0_relationship_9.txt,0,relationship_9,1,1,0,1,1,1,1
chat_0_saler_0.txt,0,saler_0,0,0,0,1,1,1,1
chat_0_saler_1.txt,0,saler_1,1,0,1,1,1,1,1
chat_0_saler_2.txt,0,saler_2,0,0,1,1,1,1,1
chat_0_saler_3.txt,0,saler_3,1,0,1,1,1,1,1
chat_0_saler_4.txt,0,saler_4,0,0,0,1,1,1,1
chat_0_saler_5.txt,0,saler_5,1,0,0,1,1,1,1
chat_0_saler_6.txt,0,saler_6,0,0,1,1,1,1,1
chat_0_saler_7.txt,0,saler_7,1,0,0,1,1,1,1
chat_0_saler_8.txt,0,saler_8,1,0,0,1,1,1,1
chat_0_saler_9.txt,0,saler_9,1,0,0,1,1,1,1
chat_0_streamer_0.txt,0,streamer_0,0,0,0,1,1,1,1
chat_0_streamer_1.txt,0,streamer_1,1,1,0,1,1,1,1
chat_0_streamer_2.txt,0,streamer_2,1,0,1,1,1,1,1
chat_0_streamer_3.txt,0,streamer_3,1,0,0,1,1,1,1
chat_0_streamer_4.txt,0,streamer_4,1,1,0,1,1,1,1
chat_0_streamer_5.txt,0,streamer_5,1,1,1,1,1,1,1
chat_0_streamer_6.txt,0,streamer_6,1,1,0,1,1,1,1
chat_0_streamer_7.txt,0,streamer_7,1,0,0,1,1,1,1
chat_0_streamer_8.txt,0,streamer_8,1,0,0,1,1,1,1
chat_0_streamer_9.txt,0,streamer_9,1,0,0,1,1,1,1
chat_1_business_0.txt,1,business_0,0,0,0,1,1,1,1
chat_1_business_1.txt,1,business_1,1,0,0,1,1,1,1
chat_1_business_2.txt,1,business_2,0,0,0,0,1,1,1
chat_1_business_3.txt,1,business_3,1,0,0,1,1,1,1
chat_1_business_4.txt,1,business_4,1,0,1,1,1,1,1
chat_1_business_5.txt,1,business_5,0,0,0,0,0,0,0
chat_1_business_6.txt,1,business_6,0,0,0,0,0,0,0
chat_1_business_7.txt,1,business_7,0,0,0,0,1,1,1
chat_1_business_8.txt,1,business_8,0,0,0,0,1,0,0
chat_1_business_9.txt,1,business_9,0,0,0,0,0,0,0
chat_1_contacting_0.txt,1,contacting_0,1,0,0,1,1,1,1
chat_1_contacting_1.txt,1,contacting_1,1,1,0,1,1,1,1
chat_1_contacting_2.txt,1,contacting_2,1,0,0,1,1,1,1
chat_1_contacting_3.txt,1,contacting_3,0,0,0,1,1,1,1
chat_1_contacting_4.txt,1,contacting_4,1,0,0,1,1,1,1
chat_1_contacting_5.txt,1,contacting_5,0,0,0,1,1,1,1
chat_1_contacting_6.txt,1,contacting_6,1,1,0,1,1,1,1
chat_1_contacting_7.txt,1,contacting_7,0,0,0,0,0,0,0
chat_1_contacting_8.txt,1,contacting_8,0,1,0,1,1,1,1
chat_1_contacting_9.txt,1,contacting_9,0,0,0,1,1,1,1
chat_1_relationship_0.txt,1,relationship_0,0,1,0,1,1,1,1
chat_1_relationship_1.txt,1,relationship_1,1,0,0,1,1,1,1
chat_1_relationship_2.txt,1,relationship_2,0,0,0,1,1,1,1
chat_1_relationship_3.txt,1,relationship_3,1,0,0,1,1,1,1
chat_1_relationship_4.txt,1,relationship_4,0,0,0,1,1,1,1
chat_1_relationship_5.txt,1,relationship_5,0,0,0,0,0,0,0
chat_1_relationship_6.txt,1,relationship_6,1,1,0,1,1,1,1
chat_1_relationship_7.txt,1,relationship_7,1,1,0,1,1,1,1
chat_1_relationship_8.txt,1,relationship_8,1,0,0,1,1,1,1
chat_1_relationship_9.txt,1,relationship_9,1,1,0,1,1,1,1
chat_1_saler_0.txt,1,saler_0,1,0,0,1,1,1,1
chat_1_saler_1.txt,1,saler_1,0,0,0,1,1,1,1
chat_1_saler_2.txt,1,saler_2,0,0,0,1,1,1,1
chat_1_saler_3.txt,1,saler_3,1,0,0,1,1,1,1
chat_1_saler_4.txt,1,saler_4,0,0,0,1,1,1,1
chat_1_saler_5.txt,1,saler_5,0,0,0,1,1,1,1
chat_1_saler_6.txt,1,saler_6,0,0,0,0,1,1,1
chat_1_saler_7.txt,1,saler_7,1,0,1,1,1,1,1
chat_1_saler_8.txt,1,saler_8,1,0,0,1,1,1,0
chat_1_saler_9.txt,1,saler_9,1,1,0,1,1,1,1
chat_1_streamer_0.txt,1,streamer_0,0,0,0,1,1,1,1
chat_1_streamer_1.txt,1,streamer_1,1,1,0,1,1,1,1
chat_1_streamer_2.txt,1,streamer_2,1,0,0,1,1,1,1
chat_1_streamer_3.txt,1,streamer_3,1,0,0,1,1,1,1
chat_1_streamer_4.txt,1,streamer_4,1,0,0,1,1,1,1
chat_1_streamer_5.txt,1,streamer_5,1,1,0,1,1,1,1
chat_1_streamer_6.txt,1,streamer_6,0,0,0,0,0,0,0
chat_1_streamer_7.txt,1,streamer_7,0,0,0,0,1,1,0
chat_1_streamer_8.txt,1,streamer_8,0,0,0,1,1,1,1
chat_1_streamer_9.txt,1,streamer_9,1,1,0,1,1,1,1
chat_2_business_0.txt,2,business_0,1,0,1,1,1,1,1
chat_2_business_1.txt,2,business_1,1,0,0,1,1,1,1
chat_2_business_2.txt,2,business_2,1,0,1,1,1,1,1
chat_2_business_3.txt,2,business_3,1,0,1,1,1,1,1
chat_2_business_4.txt,2,business_4,1,0,1,1,1,1,1
chat_2_business_5.txt,2,business_5,1,0,1,1,1,1,1
chat_2_business_6.txt,2,business_6,1,1,0,1,1,1,1
chat_2_business_7.txt,2,business_7,1,0,1,1,1,1,1
chat_2_business_8.txt,2,business_8,1,0,0,1,1,1,1
chat_2_business_9.txt,2,business_9,1,0,0,1,1,1,1
chat_2_contacting_0.txt,2,contacting_0,0,0,0,1,1,1,1
chat_2_contacting_1.txt,2,contacting_1,1,1,0,1,1,1,1
chat_2_contacting_2.txt,2,contacting_2,0,0,0,1,1,1,1
chat_2_contacting_3.txt,2,contacting_3,0,0,0,1,1,1,1
chat_2_contacting_4.txt,2,contacting_4,1,0,0,1,1,1,1
chat_2_contacting_5.txt,2,contacting_5,1,1,0,1,1,1,1
chat_2_contacting_6.txt,2,contacting_6,1,1,0,1,1,1,1
chat_2_contacting_7.txt,2,contacting_7,0,0,0,1,1,1,1
chat_2_contacting_8.txt,2,contacting_8,1,1,0,1,1,1,1
chat_2_contacting_9.txt,2,contacting_9,1,0,0,1,1,1,1
chat_2_relationship_0.txt,2,relationship_0,1,1,0,1,1,1,1
chat_2_relationship_1.txt,2,relationship_1,1,1,0,1,1,1,1
chat_2_relationship_2.txt,2,relationship_2,0,1,0,1,1,1,1
chat_2_relationship_3.txt,2,relationship_3,1,1,0,1,1,1,1
chat_2_relationship_4.txt,2,relationship_4,1,1,0,1,1,1,1
chat_2_relationship_5.txt,2,relationship_5,0,1,0,1,1,1,1
chat_2_relationship_6.txt,2,relationship_6,1,1,0,1,1,1,1
chat_2_relationship_7.txt,2,relationship_7,1,1,0,1,1,1,1
chat_2_relationship_8.txt,2,relationship_8,1,1,0,1,1,1,1
chat_2_relationship_9.txt,2,relationship_9,1,1,0,1,1,1,1
chat_2_saler_0.txt,2,saler_0,1,0,0,1,1,1,1
chat_2_saler_1.txt,2,saler_1,1,0,1,1,1,1,1
chat_2_saler_2.txt,2,saler_2,1,0,1,1,1,1,1
chat_2_saler_3.txt,2,saler_3,1,0,1,1,1,1,1
chat_2_saler_4.txt,2,saler_4,0,0,0,1,1,1,1
chat_2_saler_5.txt,2,saler_5,1,1,0,1,1,1,1
chat_2_saler_6.txt,2,saler_6,1,1,1,1,1,1,1
chat_2_saler_7.txt,2,saler_7,1,0,1,1,1,1,1
chat_2_saler_8.txt,2,saler_8,1,0,0,1,1,1,1
chat_2_saler_9.txt,2,saler_9,1,0,0,1,1,1,1
chat_2_streamer_0.txt,2,streamer_0,1,1,1,1,1,1,1
chat_2_streamer_1.txt,2,streamer_1,1,1,1,1,1,1,1
chat_2_streamer_2.txt,2,streamer_2,1,1,1,1,1,1,1
chat_2_streamer_3.txt,2,streamer_3,1,1,1,1,1,1,1
chat_2_streamer_4.txt,2,streamer_4,1,1,1,0,1,1,1
chat_2_streamer_5.txt,2,streamer_5,1,1,1,1,1,1,1
chat_2_streamer_6.txt,2,streamer_6,1,1,1,1,1,1,1
chat_2_streamer_7.txt,2,streamer_7,1,1,1,1,1,1,1
chat_2_streamer_8.txt,2,streamer_8,1,1,1,1,1,1,1
chat_2_streamer_9.txt,2,streamer_9,1,1,1,1,1,1,1
chat_3_business_0.txt,3,business_0,0,0,0,0,1,1,1
chat_3_business_1.txt,3,business_1,1,0,0,1,1,1,1
chat_3_business_2.txt,3,business_2,1,0,0,1,1,1,1
chat_3_business_3.txt,3,business_3,1,0,0,1,1,1,1
chat_3_business_4.txt,3,business_4,1,0,0,1,1,1,1
chat_3_business_5.txt,3,business_5,0,0,0,0,0,0,0
chat_3_business_6.txt,3,business_6,0,0,1,0,1,1,1
chat_3_business_7.txt,3,business_7,0,0,1,0,1,1,1
chat_3_business_8.txt,3,business_8,0,0,0,0,0,0,0
chat_3_business_9.txt,3,business_9,1,0,0,1,1,1,1
chat_3_contacting_0.txt,3,contacting_0,1,1,0,1,1,1,1
chat_3_contacting_1.txt,3,contacting_1,1,0,0,1,1,1,1
chat_3_contacting_2.txt,3,contacting_2,1,1,0,1,1,1,1
chat_3_contacting_3.txt,3,contacting_3,0,0,0,1,1,1,1
chat_3_contacting_4.txt,3,contacting_4,0,0,0,1,1,1,0
chat_3_contacting_5.txt,3,contacting_5,1,1,0,1,1,1,1
chat_3_contacting_6.txt,3,contacting_6,1,1,0,1,1,1,1
chat_3_contacting_7.txt,3,contacting_7,0,0,0,1,1,1,1
chat_3_contacting_8.txt,3,contacting_8,0,1,0,1,1,1,1
chat_3_contacting_9.txt,3,contacting_9,1,0,0,1,1,1,1
chat_3_relationship_0.txt,3,relationship_0,0,1,0,1,1,1,1
chat_3_relationship_1.txt,3,relationship_1,1,1,0,1,1,1,1
chat_3_relationship_2.txt,3,relationship_2,1,1,0,1,1,1,1
chat_3_relationship_3.txt,3,relationship_3,0,1,0,1,1,1,1
chat_3_relationship_4.txt,3,relationship_4,1,1,0,1,1,1,1
chat_3_relationship_5.txt,3,relationship_5,1,1,0,1,1,1,1
chat_3_relationship_6.txt,3,relationship_6,1,1,0,1,1,1,1
chat_3_relationship_7.txt,3,relationship_7,1,0,0,0,1,1,1
chat_3_relationship_8.txt,3,relationship_8,0,0,0,1,0,0,0
chat_3_relationship_9.txt,3,relationship_9,1,1,0,1,1,1,1
chat_3_saler_0.txt,3,saler_0,1,0,0,1,1,1,1
chat_3_saler_1.txt,3,saler_1,1,0,1,1,1,1,1
chat_3_saler_2.txt,3,saler_2,0,0,0,1,1,1,1
chat_3_saler_3.txt,3,saler_3,1,0,0,1,1,1,1
chat_3_saler_4.txt,3,saler_4,0,0,0,1,1,1,1
chat_3_saler_5.txt,3,saler_5,0,0,0,1,1,1,1
chat_3_saler_6.txt,3,saler_6,1,0,1,1,1,1,1
chat_3_saler_7.txt,3,saler_7,0,0,0,1,1,1,1
chat_3_saler_8.txt,3,saler_8,1,0,0,1,1,1,1
chat_3_saler_9.txt,3,saler_9,1,0,0,1,1,1,1
chat_3_streamer_0.txt,3,streamer_0,0,0,0,1,1,1,1
chat_3_streamer_1.txt,3,streamer_1,1,1,0,1,1,1,1
chat_3_streamer_2.txt,3,streamer_2,1,1,0,1,1,1,1
chat_3_streamer_3.txt,3,streamer_3,1,0,0,1,1,1,1
chat_3_streamer_4.txt,3,streamer_4,1,0,0,1,1,1,1
chat_3_streamer_5.txt,3,streamer_5,1,1,0,1,1,1,1
chat_3_streamer_6.txt,3,streamer_6,1,1,0,1,1,1,1
chat_3_streamer_7.txt,3,streamer_7,0,0,0,1,1,1,1
chat_3_streamer_8.txt,3,streamer_8,0,0,1,1,1,1,1
chat_3_streamer_9.txt,3,streamer_9,1,1,0,1,1,1,1
chat_4_business_0.txt,4,business_0,0,0,0,0,0,0,0
chat_4_business_1.txt,4,business_1,1,0,0,0,0,0,0
chat_4_business_2.txt,4,business_2,0,0,0,0,0,0,0
chat_4_business_3.txt,4,business_3,0,0,0,0,0,0,0
chat_4_business_4.txt,4,business_4,0,0,0,0,0,0,0
chat_4_business_5.txt,4,business_5,0,0,0,0,0,0,0
chat_4_business_6.txt,4,business_6,0,0,0,0,0,0,0
chat_4_business_7.txt,4,business_7,1,0,0,1,1,1,1
chat_4_business_8.txt,4,business_8,0,0,0,1,1,1,1
chat_4_business_9.txt,4,business_9,1,0,0,1,1,1,1
chat_4_contacting_0.txt,4,contacting_0,0,0,0,0,1,0,0
chat_4_contacting_1.txt,4,contacting_1,0,0,0,1,1,1,1
chat_4_contacting_2.txt,4,contacting_2,0,0,0,0,1,1,0
chat_4_contacting_3.txt,4,contacting_3,0,0,0,1,1,1,1
chat_4_contacting_4.txt,4,contacting_4,0,0,0,0,0,1,1
chat_4_contacting_5.txt,4,contacting_5,0,0,0,0,0,0,0
chat_4_contacting_6.txt,4,contacting_6,0,0,0,1,1,1,1
chat_4_contacting_7.txt,4,contacting_7,0,0,0,1,1,1,1
chat_4_contacting_8.txt,4,contacting_8,0,1,0,1,1,1,0
chat_4_contacting_9.txt,4,contacting_9,1,0,0,1,1,1,1
chat_4_relationship_0.txt,4,relationship_0,0,0,0,0,0,0,0
chat_4_relationship_1.txt,4,relationship_1,0,1,0,1,1,1,1
chat_4_relationship_2.txt,4,relationship_2,0,1,0,1,1,1,1
chat_4_relationship_3.txt,4,relationship_3,0,0,0,0,0,0,0
chat_4_relationship_4.txt,4,relationship_4,0,0,0,0,1,1,1
chat_4_relationship_5.txt,4,relationship_5,0,1,0,1,0,0,0
chat_4_relationship_6.txt,4,relationship_6,0,0,0,0,0,0,0
chat_4_relationship_7.txt,4,relationship_7,0,0,0,0,0,0,0
chat_4_relationship_8.txt,4,relationship_8,0,0,0,0,0,0,0
chat_4_relationship_9.txt,4,relationship_9,0,0,0,0,0,0,0
chat_4_saler_0.txt,4,saler_0,0,0,0,0,0,0,0
chat_4_saler_1.txt,4,saler_1,1,1,0,1,1,1,0
chat_4_saler_2.txt,4,saler_2,0,0,1,1,1,1,1
chat_4_saler_3.txt,4,saler_3,0,0,0,1,1,1,1
chat_4_saler_4.txt,4,saler_4,0,0,0,0,0,0,0
chat_4_saler_5.txt,4,saler_5,0,0,0,0,1,1,1
chat_4_saler_6.txt,4,saler_6,0,0,0,1,1,1,1
chat_4_saler_7.txt,4,saler_7,0,0,0,0,0,0,0
chat_4_saler_8.txt,4,saler_8,0,0,0,0,0,0,0
chat_4_saler_9.txt,4,saler_9,0,0,0,0,0,0,0
chat_4_streamer_0.txt,4,streamer_0,0,0,0,1,1,1,1
chat_4_streamer_1.txt,4,streamer_1,1,1,0,1,1,1,1
chat_4_streamer_2.txt,4,streamer_2,0,0,1,1,1,1,0
chat_4_streamer_3.txt,4,streamer_3,0,0,0,0,0,0,0
chat_4_streamer_4.txt,4,streamer_4,0,0,0,1,1,1,1
chat_4_streamer_5.txt,4,streamer_5,0,0,0,0,0,0,0
chat_4_streamer_6.txt,4,streamer_6,1,1,0,1,1,1,1
chat_4_streamer_7.txt,4,streamer_7,1,0,0,1,1,1,1
chat_4_streamer_8.txt,4,streamer_8,0,0,0,0,0,0,0
chat_4_streamer_9.txt,4,streamer_9,0,0,0,0,0,0,0
chat_5_business_0.txt,5,business_0,0,0,0,0,0,0,0
chat_5_business_1.txt,5,business_1,0,0,0,0,0,0,0
chat_5_business_2.txt,5,business_2,0,0,0,0,0,0,0
chat_5_business_3.txt,5,business_3,0,0,0,0,0,0,0
chat_5_business_4.txt,5,business_4,0,0,0,0,0,0,0
chat_5_business_5.txt,5,business_5,0,0,0,1,0,0,0
chat_5_business_6.txt,5,business_6,0,0,0,0,0,0,0
chat_5_business_7.txt,5,business_7,0,0,0,0,0,0,0
chat_5_business_8.txt,5,business_8,0,0,0,0,0,0,0
chat_5_business_9.txt,5,business_9,0,0,0,0,0,0,0
chat_5_contacting_0.txt,5,contacting_0,1,0,0,1,1,1,1
chat_5_contacting_1.txt,5,contacting_1,0,0,0,0,0,0,0
chat_5_contacting_2.txt,5,contacting_2,0,0,0,0,0,0,0
chat_5_contacting_3.txt,5,contacting_3,0,0,0,1,0,1,1
chat_5_contacting_4.txt,5,contacting_4,0,0,0,1,0,1,0
chat_5_contacting_5.txt,5,contacting_5,0,0,0,0,0,0,0
chat_5_contacting_6.txt,5,contacting_6,0,0,0,1,0,1,1
chat_5_contacting_7.txt,5,contacting_7,0,0,0,1,1,1,0
chat_5_contacting_8.txt,5,contacting_8,0,0,0,1,0,1,0
chat_5_contacting_9.txt,5,contacting_9,0,0,0,1,0,1,1
chat_5_relationship_0.txt,5,relationship_0,0,0,0,0,0,0,0
chat_5_relationship_1.txt,5,relationship_1,0,0,0,0,0,0,0
chat_5_relationship_2.txt,5,relationship_2,1,1,0,1,1,1,1
chat_5_relationship_3.txt,5,relationship_3,0,0,0,0,0,0,0
chat_5_relationship_4.txt,5,relationship_4,0,0,0,0,0,0,0
chat_5_relationship_5.txt,5,relationship_5,0,0,0,0,0,0,0
chat_5_relationship_6.txt,5,relationship_6,1,0,0,1,1,1,1
chat_5_relationship_7.txt,5,relationship_7,1,0,0,1,1,1,1
chat_5_relationship_8.txt,5,relationship_8,1,1,0,1,1,1,1
chat_5_relationship_9.txt,5,relationship_9,0,0,0,0,0,0,1
chat_5_saler_0.txt,5,saler_0,0,0,0,0,0,0,0
chat_5_saler_1.txt,5,saler_1,0,0,0,0,0,0,0
chat_5_saler_2.txt,5,saler_2,0,0,0,0,0,0,0
chat_5_saler_3.txt,5,saler_3,0,0,0,0,0,0,0
chat_5_saler_4.txt,5,saler_4,0,0,0,1,0,1,1
chat_5_saler_5.txt,5,saler_5,0,0,0,0,0,0,0
chat_5_saler_6.txt,5,saler_6,0,0,0,0,0,0,0
chat_5_saler_7.txt,5,saler_7,0,0,0,0,0,0,0
chat_5_saler_8.txt,5,saler_8,0,0,0,0,0,0,0
chat_5_saler_9.txt,5,saler_9,0,0,0,0,0,0,0
chat_5_streamer_0.txt,5,streamer_0,0,0,0,0,0,0,0
chat_5_streamer_1.txt,5,streamer_1,0,0,0,0,1,0,0
chat_5_streamer_2.txt,5,streamer_2,0,0,0,0,0,0,0
chat_5_streamer_3.txt,5,streamer_3,0,0,0,0,0,0,0
chat_5_streamer_4.txt,5,streamer_4,0,1,0,1,1,0,1
chat_5_streamer_5.txt,5,streamer_5,0,0,0,0,0,0,0
chat_5_streamer_6.txt,5,streamer_6,0,0,0,0,0,0,0
chat_5_streamer_7.txt,5,streamer_7,0,0,0,0,0,0,0
chat_5_streamer_8.txt,5,streamer_8,0,0,0,0,0,0,0
chat_5_streamer_9.txt,5,streamer_9,0,0,0,0,0,0,0
chat_6_business_0.txt,6,business_0,0,0,0,0,0,0,0
chat_6_business_1.txt,6,business_1,1,0,0,1,1,1,1
chat_6_business_2.txt,6,business_2,1,0,0,1,1,1,1
chat_6_business_3.txt,6,business_3,1,0,1,1,1,1,0
chat_6_business_4.txt,6,business_4,1,0,1,1,1,1,1
chat_6_business_5.txt,6,business_5,1,1,0,1,1,1,1
chat_6_business_6.txt,6,business_6,1,1,0,1,1,1,1
chat_6_business_7.txt,6,business_7,1,0,1,1,1,1,1
chat_6_business_8.txt,6,business_8,1,0,0,1,1,1,1
chat_6_business_9.txt,6,business_9,1,0,0,1,1,1,1
chat_6_contacting_0.txt,6,contacting_0,0,0,0,0,1,1,1
chat_6_contacting_1.txt,6,contacting_1,1,1,0,1,1,1,1
chat_6_contacting_2.txt,6,contacting_2,1,1,0,1,1,1,1
chat_6_contacting_3.txt,6,contacting_3,0,1,0,1,1,1,1
chat_6_contacting_4.txt,6,contacting_4,1,0,0,1,1,1,1
chat_6_contacting_5.txt,6,contacting_5,1,1,0,1,1,1,1
chat_6_contacting_6.txt,6,contacting_6,0,1,0,1,1,1,0
chat_6_contacting_7.txt,6,contacting_7,1,0,0,1,1,1,1
chat_6_contacting_8.txt,6,contacting_8,1,1,0,1,1,1,1
chat_6_contacting_9.txt,6,contacting_9,0,0,0,1,1,1,1
chat_6_relationship_0.txt,6,relationship_0,0,1,0,1,1,1,1
chat_6_relationship_1.txt,6,relationship_1,0,0,0,0,1,1,1
chat_6_relationship_2.txt,6,relationship_2,1,0,0,0,1,1,1
chat_6_relationship_3.txt,6,relationship_3,1,1,0,1,1,1,1
chat_6_relationship_4.txt,6,relationship_4,1,0,0,1,1,1,1
chat_6_relationship_5.txt,6,relationship_5,1,1,0,1,1,1,1
chat_6_relationship_6.txt,6,relationship_6,1,1,0,1,1,1,1
chat_6_relationship_7.txt,6,relationship_7,1,1,0,1,1,1,1
chat_6_relationship_8.txt,6,relationship_8,1,1,0,1,1,1,1
chat_6_relationship_9.txt,6,relationship_9,1,0,0,1,1,1,1
chat_6_saler_0.txt,6,saler_0,1,0,1,1,1,1,1
chat_6_saler_1.txt,6,saler_1,0,0,0,1,1,1,1
chat_6_saler_2.txt,6,saler_2,0,0,1,1,1,1,1
chat_6_saler_3.txt,6,saler_3,1,0,1,1,1,1,1
chat_6_saler_4.txt,6,saler_4,0,0,0,1,1,1,1
chat_6_saler_5.txt,6,saler_5,1,0,0,1,1,1,1
chat_6_saler_6.txt,6,saler_6,1,0,1,1,1,1,1
chat_6_saler_7.txt,6,saler_7,1,0,1,1,1,1,1
chat_6_saler_8.txt,6,saler_8,0,0,0,0,1,1,0
chat_6_saler_9.txt,6,saler_9,1,0,0,1,1,1,1
chat_6_streamer_0.txt,6,streamer_0,0,0,0,0,1,1,1
chat_6_streamer_1.txt,6,streamer_1,1,1,0,1,1,1,1
chat_6_streamer_2.txt,6,streamer_2,1,1,1,1,1,1,1
chat_6_streamer_3.txt,6,streamer_3,1,1,0,1,1,1,1
chat_6_streamer_4.txt,6,streamer_4,0,1,0,1,1,1,1
chat_6_streamer_5.txt,6,streamer_5,1,1,1,1,1,1,1
chat_6_streamer_6.txt,6,streamer_6,1,1,1,1,1,1,1
chat_6_streamer_7.txt,6,streamer_7,1,1,0,1,1,1,1
chat_6_streamer_8.txt,6,streamer_8,1,1,1,1,1,1,1
chat_6_streamer_9.txt,6,streamer_9,1,0,0,1,1,1,1
chat_7_business_0.txt,7,business_0,1,0,0,1,1,1,1
chat_7_business_1.txt,7,business_1,1,1,0,1,1,1,1
chat_7_business_2.txt,7,business_2,0,0,0,0,1,1,1
chat_7_business_3.txt,7,business_3,1,0,0,1,1,1,1
chat_7_business_4.txt,7,business_4,1,0,0,1,1,1,1
chat_7_business_5.txt,7,business_5,1,0,1,1,1,1,1
chat_7_business_6.txt,7,business_6,1,1,0,1,1,1,1
chat_7_business_7.txt,7,business_7,1,0,1,1,1,1,1
chat_7_business_8.txt,7,business_8,1,0,0,1,1,1,1
chat_7_business_9.txt,7,business_9,1,1,1,1,1,1,1
chat_7_contacting_0.txt,7,contacting_0,0,0,0,1,1,1,1
chat_7_contacting_1.txt,7,contacting_1,0,1,0,1,1,1,0
chat_7_contacting_2.txt,7,contacting_2,0,0,0,1,1,1,0
chat_7_contacting_3.txt,7,contacting_3,0,0,0,1,1,1,0
chat_7_contacting_4.txt,7,contacting_4,1,0,0,1,1,1,1
chat_7_contacting_5.txt,7,contacting_5,1,0,0,1,1,1,1
chat_7_contacting_6.txt,7,contacting_6,0,1,0,1,1,1,1
chat_7_contacting_7.txt,7,contacting_7,0,0,0,1,1,1,1
chat_7_contacting_8.txt,7,contacting_8,1,1,0,1,1,1,1
chat_7_contacting_9.txt,7,contacting_9,0,0,0,1,1,1,1
chat_7_relationship_0.txt,7,relationship_0,1,1,0,1,1,1,1
chat_7_relationship_1.txt,7,relationship_1,1,1,0,1,1,1,1
chat_7_relationship_2.txt,7,relationship_2,0,1,0,1,1,1,1
chat_7_relationship_3.txt,7,relationship_3,1,1,0,1,1,1,1
chat_7_relationship_4.txt,7,relationship_4,0,1,0,1,1,1,1
chat_7_relationship_5.txt,7,relationship_5,1,1,0,1,1,1,1
chat_7_relationship_6.txt,7,relationship_6,1,0,0,1,1,1,1
chat_7_relationship_7.txt,7,relationship_7,0,1,0,1,1,1,1
chat_7_relationship_8.txt,7,relationship_8,0,1,0,1,1,1,1
chat_7_relationship_9.txt,7,relationship_9,1,1,0,1,1,1,1
chat_7_saler_0.txt,7,saler_0,1,0,0,1,1,1,0
chat_7_saler_1.txt,7,saler_1,0,0,1,1,1,1,1
chat_7_saler_2.txt,7,saler_2,1,0,0,1,1,1,1
chat_7_saler_3.txt,7,saler_3,1,0,0,1,1,1,1
chat_7_saler_4.txt,7,saler_4,0,0,0,1,0,1,1
chat_7_saler_5.txt,7,saler_5,0,0,0,1,1,1,1
chat_7_saler_6.txt,7,saler_6,0,0,1,0,1,1,1
chat_7_saler_7.txt,7,saler_7,1,0,0,1,1,1,1
chat_7_saler_8.txt,7,saler_8,0,0,0,1,1,1,1
chat_7_saler_9.txt,7,saler_9,1,0,0,1,1,1,1
chat_7_streamer_0.txt,7,streamer_0,0,0,0,0,0,0,0
chat_7_streamer_1.txt,7,streamer_1,1,1,1,1,1,1,1
chat_7_streamer_2.txt,7,streamer_2,1,1,1,1,1,1,1
chat_7_streamer_3.txt,7,streamer_3,0,1,1,1,1,1,1
chat_7_streamer_4.txt,7,streamer_4,1,1,1,1,1,1,1
chat_7_streamer_5.txt,7,streamer_5,1,1,1,1,1,1,1
chat_7_streamer_6.txt,7,streamer_6,1,1,1,1,1,1,1
chat_7_streamer_7.txt,7,streamer_7,1,1,1,1,1,1,1
chat_7_streamer_8.txt,7,streamer_8,1,1,1,1,1,1,1
chat_7_streamer_9.txt,7,streamer_9,1,1,1,1,1,1,1
chat_8_business_0.txt,8,business_0,1,0,0,1,1,1,1
chat_8_business_1.txt,8,business_1,1,0,0,1,1,1,1
chat_8_business_2.txt,8,business_2,1,0,0,1,1,1,1
chat_8_business_3.txt,8,business_3,1,0,1,1,1,1,1
chat_8_business_4.txt,8,business_4,1,0,0,1,1,1,1
chat_8_business_5.txt,8,business_5,1,0,1,1,1,1,1
chat_8_business_6.txt,8,business_6,1,1,1,1,1,1,1
chat_8_business_7.txt,8,business_7,0,0,0,0,0,0,0
chat_8_business_8.txt,8,business_8,1,0,0,1,1,1,1
chat_8_business_9.txt,8,business_9,1,1,0,1,1,1,1
chat_8_contacting_0.txt,8,contacting_0,0,0,0,1,1,1,1
chat_8_contacting_1.txt,8,contacting_1,0,0,0,1,1,1,1
chat_8_contacting_2.txt,8,contacting_2,1,1,0,1,1,1,1
chat_8_contacting_3.txt,8,contacting_3,1,0,0,1,1,1,1
chat_8_contacting_4.txt,8,contacting_4,0,0,0,1,1,1,1
chat_8_contacting_5.txt,8,contacting_5,1,1,0,1,1,1,1
chat_8_contacting_6.txt,8,contacting_6,1,1,0,1,1,1,1
chat_8_contacting_7.txt,8,contacting_7,1,0,0,1,1,1,1
chat_8_contacting_8.txt,8,contacting_8,0,1,0,1,1,1,1
chat_8_contacting_9.txt,8,contacting_9,0,0,0,1,1,1,1
chat_8_relationship_0.txt,8,relationship_0,1,1,0,1,1,1,1
chat_8_relationship_1.txt,8,relationship_1,1,1,0,1,1,1,1
chat_8_relationship_2.txt,8,relationship_2,1,1,0,1,1,1,1
chat_8_relationship_3.txt,8,relationship_3,1,1,0,1,1,1,1
chat_8_relationship_4.txt,8,relationship_4,1,1,0,1,1,1,1
chat_8_relationship_5.txt,8,relationship_5,1,1,0,1,1,1,1
chat_8_relationship_6.txt,8,relationship_6,1,1,0,1,1,1,1
chat_8_relationship_7.txt,8,relationship_7,1,1,0,1,1,1,1
chat_8_relationship_8.txt,8,relationship_8,1,1,0,1,1,1,1
chat_8_relationship_9.txt,8,relationship_9,1,1,0,1,1,1,1
chat_8_saler_0.txt,8,saler_0,1,0,0,1,1,1,1
chat_8_saler_1.txt,8,saler_1,1,0,1,1,1,1,1
chat_8_saler_2.txt,8,saler_2,1,0,0,1,1,1,1
chat_8_saler_3.txt,8,saler_3,1,0,1,1,1,1,1
chat_8_saler_4.txt,8,saler_4,1,0,0,1,1,1,1
chat_8_saler_5.txt,8,saler_5,0,0,0,1,1,1,1
chat_8_saler_6.txt,8,saler_6,0,0,1,1,1,1,1
chat_8_saler_7.txt,8,saler_7,1,0,0,1,1,1,1
chat_8_saler_8.txt,8,saler_8,1,1,0,1,1,1,1
chat_8_saler_9.txt,8,saler_9,1,0,0,1,1,1,1
chat_8_streamer_0.txt,8,streamer_0,0,0,0,0,0,0,0
chat_8_streamer_1.txt,8,streamer_1,0,1,1,1,1,1,1
chat_8_streamer_2.txt,8,streamer_2,1,1,1,1,1,1,1
chat_8_streamer_3.txt,8,streamer_3,0,0,0,1,1,1,1
chat_8_streamer_4.txt,8,streamer_4,1,1,1,1,1,1,1
chat_8_streamer_5.txt,8,streamer_5,1,1,1,1,1,1,1
chat_8_streamer_6.txt,8,streamer_6,0,1,1,1,1,1,1
chat_8_streamer_7.txt,8,streamer_7,0,0,0,0,1,1,0
chat_8_streamer_8.txt,8,streamer_8,1,0,0,1,1,1,1
chat_8_streamer_9.txt,8,streamer_9,1,1,1,1,1,1,1
chat_9_business_0.txt,9,business_0,1,0,0,1,1,1,1
chat_9_business_1.txt,9,business_1,1,0,1,1,1,1,1
chat_9_business_2.txt,9,business_2,1,0,0,1,1,1,1
chat_9_business_3.txt,9,business_3,1,0,0,1,1,1,1
chat_9_business_4.txt,9,business_4,1,0,1,1,1,1,1
chat_9_business_5.txt,9,business_5,1,0,1,1,1,1,1
chat_9_business_6.txt,9,business_6,1,0,1,1,1,1,1
chat_9_business_7.txt,9,business_7,1,1,1,1,1,1,1
chat_9_business_8.txt,9,business_8,1,0,0,1,1,1,1
chat_9_business_9.txt,9,business_9,1,0,0,0,1,1,1
chat_9_contacting_0.txt,9,contacting_0,0,0,0,0,1,1,1
chat_9_contacting_1.txt,9,contacting_1,1,1,0,1,1,1,1
chat_9_contacting_2.txt,9,contacting_2,0,1,0,1,1,1,1
chat_9_contacting_3.txt,9,contacting_3,0,0,0,0,1,1,1
chat_9_contacting_4.txt,9,contacting_4,1,0,0,1,1,1,1
chat_9_contacting_5.txt,9,contacting_5,1,0,0,1,1,1,1
chat_9_contacting_6.txt,9,contacting_6,1,1,0,1,1,1,1
chat_9_contacting_7.txt,9,contacting_7,0,0,0,1,1,1,1
chat_9_contacting_8.txt,9,contacting_8,0,1,0,1,1,1,1
chat_9_contacting_9.txt,9,contacting_9,0,0,0,1,1,1,1
chat_9_relationship_0.txt,9,relationship_0,1,1,0,1,1,1,1
chat_9_relationship_1.txt,9,relationship_1,1,1,0,1,1,1,1
chat_9_relationship_2.txt,9,relationship_2,0,1,0,1,1,1,1
chat_9_relationship_3.txt,9,relationship_3,1,1,0,1,1,1,1
chat_9_relationship_4.txt,9,relationship_4,1,1,0,1,1,1,1
chat_9_relationship_5.txt,9,relationship_5,1,1,0,1,1,1,1
chat_9_relationship_6.txt,9,relationship_6,1,1,0,1,1,1,1
chat_9_relationship_7.txt,9,relationship_7,1,1,0,1,1,1,1
chat_9_relationship_8.txt,9,relationship_8,1,1,0,1,1,1,1
chat_9_relationship_9.txt,9,relationship_9,1,1,0,1,1,1,1
chat_9_saler_0.txt,9,saler_0,1,0,0,1,1,1,1
chat_9_saler_1.txt,9,saler_1,1,0,1,1,1,1,1
chat_9_saler_2.txt,9,saler_2,1,0,1,1,1,1,1
chat_9_saler_3.txt,9,saler_3,1,0,1,1,1,1,1
chat_9_saler_4.txt,9,saler_4,0,0,0,1,1,1,1
chat_9_saler_5.txt,9,saler_5,1,0,0,1,1,1,1
chat_9_saler_6.txt,9,saler_6,1,0,1,1,1,1,1
chat_9_saler_7.txt,9,saler_7,1,0,1,1,1,1,1
chat_9_saler_8.txt,9,saler_8,1,0,0,1,1,1,1
chat_9_saler_9.txt,9,saler_9,1,0,0,1,1,1,1
chat_9_streamer_0.txt,9,streamer_0,0,1,1,1,1,1,1
chat_9_streamer_1.txt,9,streamer_1,1,1,1,1,1,1,1
chat_9_streamer_2.txt,9,streamer_2,1,1,1,1,1,1,1
chat_9_streamer_3.txt,9,streamer_3,1,1,1,1,1,1,1
chat_9_streamer_4.txt,9,streamer_4,1,1,1,1,1,1,1
chat_9_streamer_5.txt,9,streamer_5,1,1,1,1,1,1,1
chat_9_streamer_6.txt,9,streamer_6,1,1,1,1,1,1,1
chat_9_streamer_7.txt,9,streamer_7,1,1,1,1,1,1,1
chat_9_streamer_8.txt,9,streamer_8,1,1,1,1,1,1,1
chat_9_streamer_9.txt,9,streamer_9,1,1,1,1,1,1,1
chat_10_business_0.txt,10,business_0,1,0,0,1,1,1,1
chat_10_business_1.txt,10,business_1,1,0,0,1,1,1,1
chat_10_business_2.txt,10,business_2,1,0,0,1,1,1,1
chat_10_business_3.txt,10,business_3,1,0,0,1,1,1,1
chat_10_business_4.txt,10,business_4,1,0,1,1,1,1,1
chat_10_business_5.txt,10,business_5,1,0,1,1,1,1,1
chat_10_business_6.txt,10,business_6,1,1,0,0,1,1,1
chat_10_business_7.txt,10,business_7,1,1,1,1,1,1,1
chat_10_business_8.txt,10,business_8,1,0,0,1,1,1,1
chat_10_business_9.txt,10,business_9,1,0,0,0,1,1,1
chat_10_contacting_0.txt,10,contacting_0,0,1,0,1,1,1,1
chat_10_contacting_1.txt,10,contacting_1,0,1,0,1,1,1,1
chat_10_contacting_2.txt,10,contacting_2,1,1,0,1,1,1,1
chat_10_contacting_3.txt,10,contacting_3,1,1,0,1,1,1,1
chat_10_contacting_4.txt,10,contacting_4,1,0,0,1,1,1,1
chat_10_contacting_5.txt,10,contacting_5,1,1,0,1,1,1,1
chat_10_contacting_6.txt,10,contacting_6,0,1,0,1,1,1,1
chat_10_contacting_7.txt,10,contacting_7,0,0,0,1,1,1,1
chat_10_contacting_8.txt,10,contacting_8,0,0,0,0,0,0,0
chat_10_contacting_9.txt,10,contacting_9,1,0,0,1,1,1,1
chat_10_relationship_0.txt,10,relationship_0,0,1,0,1,1,1,1
chat_10_relationship_1.txt,10,relationship_1,1,0,0,1,1,1,1
chat_10_relationship_2.txt,10,relationship_2,0,1,0,1,1,1,1
chat_10_relationship_3.txt,10,relationship_3,1,0,0,1,1,1,1
chat_10_relationship_4.txt,10,relationship_4,1,0,0,1,1,1,1
chat_10_relationship_5.txt,10,relationship_5,1,1,0,1,1,1,1
chat_10_relationship_6.txt,10,relationship_6,1,0,0,1,1,1,1
chat_10_relationship_7.txt,10,relationship_7,1,0,0,1,1,1,1
chat_10_relationship_8.txt,10,relationship_8,1,1,0,1,1,1,1
chat_10_relationship_9.txt,10,relationship_9,1,0,0,1,1,1,1
chat_10_saler_0.txt,10,saler_0,1,0,0,1,1,1,1
chat_10_saler_1.txt,10,saler_1,1,0,1,1,1,1,1
chat_10_saler_2.txt,10,saler_2,1,0,0,1,1,1,1
chat_10_saler_3.txt,10,saler_3,1,0,1,1,1,1,1
chat_10_saler_4.txt,10,saler_4,0,0,1,1,1,1,1
chat_10_saler_5.txt,10,saler_5,0,0,1,1,1,1,1
chat_10_saler_6.txt,10,saler_6,1,0,0,1,1,1,1
chat_10_saler_7.txt,10,saler_7,1,0,1,1,1,1,1
chat_10_saler_8.txt,10,saler_8,0,0,1,1,1,1,1
chat_10_saler_9.txt,10,saler_9,1,0,1,1,1,1,1
chat_10_streamer_0.txt,10,streamer_0,1,1,1,1,1,1,1
chat_10_streamer_1.txt,10,streamer_1,1,1,1,1,1,1,1
chat_10_streamer_2.txt,10,streamer_2,1,1,1,1,1,1,1
chat_10_streamer_3.txt,10,streamer_3,1,1,1,1,1,1,1
chat_10_streamer_4.txt,10,streamer_4,1,1,1,1,1,1,1
chat_10_streamer_5.txt,10,streamer_5,1,1,0,1,1,1,1
chat_10_streamer_6.txt,10,streamer_6,1,1,1,1,1,1,0
chat_10_streamer_7.txt,10,streamer_7,1,1,1,1,1,1,1
chat_10_streamer_8.txt,10,streamer_8,0,0,0,0,1,1,0
chat_10_streamer_9.txt,10,streamer_9,1,1,0,1,1,1,1
chat_11_business_0.txt,11,business_0,1,0,1,1,1,1,1
chat_11_business_1.txt,11,business_1,1,0,0,1,1,1,1
chat_11_business_2.txt,11,business_2,0,0,0,1,1,1,1
chat_11_business_3.txt,11,business_3,1,0,1,1,1,1,1
chat_11_business_4.txt,11,business_4,1,1,1,1,1,1,1
chat_11_business_5.txt,11,business_5,1,0,0,1,1,1,1
chat_11_business_6.txt,11,business_6,1,1,1,1,1,1,1
chat_11_business_7.txt,11,business_7,1,0,0,1,1,1,1
chat_11_business_8.txt,11,business_8,1,1,1,1,1,1,1
chat_11_business_9.txt,11,business_9,1,1,0,1,1,1,1
chat_11_contacting_0.txt,11,contacting_0,0,1,0,1,1,1,1
chat_11_contacting_1.txt,11,contacting_1,0,1,0,1,1,1,1
chat_11_contacting_2.txt,11,contacting_2,0,0,0,1,1,1,1
chat_11_contacting_3.txt,11,contacting_3,0,0,0,1,1,1,1
chat_11_contacting_4.txt,11,contacting_4,0,0,0,1,1,1,1
chat_11_contacting_5.txt,11,contacting_5,1,0,0,1,1,1,1
chat_11_contacting_6.txt,11,contacting_6,1,1,0,0,1,0,1
chat_11_contacting_7.txt,11,contacting_7,0,0,0,1,1,1,1
chat_11_contacting_8.txt,11,contacting_8,0,1,0,1,1,1,1
chat_11_contacting_9.txt,11,contacting_9,0,0,0,1,1,1,1
chat_11_relationship_0.txt,11,relationship_0,1,0,0,1,1,1,1
chat_11_relationship_1.txt,11,relationship_1,1,1,0,1,1,1,1
chat_11_relationship_2.txt,11,relationship_2,1,1,0,1,1,1,1
chat_11_relationship_3.txt,11,relationship_3,1,0,0,1,1,1,1
chat_11_relationship_4.txt,11,relationship_4,1,1,0,1,1,1,1
chat_11_relationship_5.txt,11,relationship_5,1,1,0,1,1,1,1
chat_11_relationship_6.txt,11,relationship_6,1,1,0,1,1,1,1
chat_11_relationship_7.txt,11,relationship_7,1,1,0,1,1,1,1
chat_11_relationship_8.txt,11,relationship_8,1,1,0,1,1,1,1
chat_11_relationship_9.txt,11,relationship_9,1,1,0,1,1,1,1
chat_11_saler_0.txt,11,saler_0,1,1,0,1,1,1,1
chat_11_saler_1.txt,11,saler_1,1,1,0,1,1,1,1
chat_11_saler_2.txt,11,saler_2,1,0,0,1,1,1,1
chat_11_saler_3.txt,11,saler_3,0,0,0,1,1,1,1
chat_11_saler_4.txt,11,saler_4,1,0,0,1,1,1,1
chat_11_saler_5.txt,11,saler_5,0,0,0,1,1,1,1
chat_11_saler_6.txt,11,saler_6,1,1,0,1,1,1,1
chat_11_saler_7.txt,11,saler_7,1,1,0,1,1,1,1
chat_11_saler_8.txt,11,saler_8,1,0,0,1,1,1,1
chat_11_saler_9.txt,11,saler_9,1,1,0,1,1,1,1
chat_11_streamer_0.txt,11,streamer_0,1,1,1,1,1,1,1
chat_11_streamer_1.txt,11,streamer_1,1,1,1,1,1,1,1
chat_11_streamer_2.txt,11,streamer_2,1,1,1,1,1,1,1
chat_11_streamer_3.txt,11,streamer_3,1,1,1,1,1,1,1
chat_11_streamer_4.txt,11,streamer_4,1,1,1,1,1,1,1
chat_11_streamer_5.txt,11,streamer_5,1,1,1,1,1,1,1
chat_11_streamer_6.txt,11,streamer_6,1,1,0,1,1,1,1
chat_11_streamer_7.txt,11,streamer_7,1,1,1,1,1,1,1
chat_11_streamer_8.txt,11,streamer_8,0,0,1,1,1,1,1
chat_11_streamer_9.txt,11,streamer_9,1,1,1,1,1,1,1
